{"cs_name":{"0":"A01","1":"FN0002","2":"N04","3":"D08","4":"LJDL","5":"D10","6":"B04","7":"D01","8":"C01","9":"E11","10":"A02","11":"E01","12":"F02","13":"A08","14":"A09","15":"A10","16":"BN0002","17":"D06","18":"N02","19":"F07","20":"A03","21":"E04","22":"D09","23":"F08","24":"F10","25":"F11","26":"F12","27":"F13","28":"PSBYD","29":"S1","30":"F15","31":"S2"},"Longitude":{"0":114.007401,"1":114.0090009,"2":113.987547,"3":114.088303,"4":114.361504,"5":114.074406,"6":113.922977,"7":114.123241,"8":114.101748,"9":114.068837,"10":114.023404,"11":114.023902,"12":113.81775,"13":113.944128,"14":113.941642,"15":113.962844,"16":113.8149322,"17":114.304419,"18":114.032902,"19":113.85839,"20":113.995054,"21":114.003978,"22":114.045125,"23":113.838486,"24":114.043404,"25":113.985199,"26":113.8134,"27":114.135002,"28":114.353401,"29":113.8564,"30":114.031502,"31":114.1798},"Latitude":{"0":22.5355,"1":22.53423323,"2":22.560519,"3":22.562599,"4":22.678499,"5":22.559,"6":22.546375,"7":22.562538,"8":22.582541,"9":22.573326,"10":22.54265,"11":22.619512,"12":22.650682,"13":22.506854,"14":22.527053,"15":22.528519,"16":22.6513225,"17":22.600844,"18":22.524276,"19":22.579457,"20":22.547247,"21":22.636233,"22":22.55141,"23":22.609576,"24":22.601,"25":22.547701,"26":22.624201,"27":22.544001,"28":22.679399,"29":22.616899,"30":22.5252,"31":22.5585},"chg_points":{"0":112,"1":6,"2":40,"3":20,"4":16,"5":16,"6":20,"7":12,"8":52,"9":20,"10":16,"11":16,"12":8,"13":14,"14":16,"15":14,"16":12,"17":16,"18":16,"19":8,"20":16,"21":10,"22":10,"23":16,"24":12,"25":12,"26":100,"27":100,"28":12,"29":100,"30":100,"31":100}}